name,latitude,longitude
The Hub,29.6486154,-82.3452668
Turlington Hall,29.6481156,-82.3435097
Shands hospital at dental science building,29.6389432,-82.3462113
Frazier-Rogers Hall,29.6449656,-82.3449262
Reitz Union Food Court,29.6460208,-82.3477828
UF Health @ Center Drive,29.6402444,-82.3461497
Reitz Union @ McCarty Drive,29.6453414,-82.3468871
Reitz Union @ McCarty Drive,29.6451979,-82.3470227
The French Fries,29.6479642,-82.3443247
Rawlings Hall,29.6463101,-82.343419
Hume Hall,29.6448132,-82.3520135
Chick-fil-A,29.6470255,-82.3414993
Starbucks,29.6482553,-82.3454479
Subway,29.6463319,-82.3432213
Beaty Market,29.6442834,-82.3406763
Keys Residential Complex,29.6482593,-82.3548663
Tolbert Area Council,29.6480431,-82.3511326
University Village South,29.6377439,-82.3703308
Cultural Plaza,29.6375548,-82.3700869
Southwest Recreation Center,29.638112,-82.3692323
Southwest Recreation Center,29.6381111,-82.3693594
Beaty Towers,29.6447665,-82.3408577
Turlington Hall,29.6480936,-82.3435861
Gale Lemerand Athletic Center,29.6483728,-82.3537114
Starbucks,29.6479585,-82.3441883
Century Tower,29.6490092,-82.3434533
Frazier-Rogers Hall,29.6448348,-82.3449247
Rawlings Hall,29.646146,-82.3435169
Animal Science,29.6316216,-82.3514396
Webb Livestock Pavilion,29.6340096,-82.3512532
Webb Livestock Pavillion,29.6340119,-82.3511123
College of Dentistry,29.6390372,-82.3450961
Commuter Lot,29.641826,-82.3504498
University of Florida Cogeneration,29.6399844,-82.3486668
Cancer and Genetics Research Complex,29.6387644,-82.3514106
Cancer and Genetics Research Complex,29.6389216,-82.3514116
Commuter Lot Parking Garage 5,29.6429678,-82.3505745
Moses,29.6446983,-82.3494599
Baby Gator,29.6449106,-82.3606194
Corry Village,29.644967,-82.3606384
Lakeside Residential Building,29.6412769,-82.3642626
Corry Village,29.6447675,-82.3609076
Sigma Alpha Epsilon,29.6449893,-82.3552823
Fraternity Row,29.648269,-82.3577326
Davis Cancer Pavilion,29.6376985,-82.35022
Wilmot Gardens,29.6393782,-82.3497576
Wilmot Gardens,29.6396451,-82.3493458
UF Parking and Transportation Services,29.6398412,-82.3503582
Fraternity Row,29.6464053,-82.3578969
Keys Residential Complex,29.6482279,-82.35298
Beaty Towers,29.6446835,-82.3408389
Parking Garage 9,29.6363259,-82.3500824
Pepsi,29.6453762,-82.3469801
University Police Department,29.644778,-82.342995
Police Department,29.6448275,-82.3430806
Southwest Recreation Center,29.6377587,-82.3683456
UF Health @ Center Drive,29.6401934,-82.3462577
Lacrosse Field,29.6375865,-82.3651836
Pressly Softball Stadium,29.6377541,-82.364958
Shands Visitor Parking,29.6396493,-82.347246
Maguire Field,29.6409911,-82.369246
UF Counseling and Wellness Center,29.6423082,-82.3689267
Family Housing,29.6411219,-82.3693747
UF Counseling and Wellness Center,29.6421563,-82.3689814
Shands Visitor Parking,29.6395782,-82.3472301
Honors Residential College at Hume Hall,29.6448959,-82.3521023
WGVR,29.6477784,-82.347415
Butterfly Rainforest,29.6360248,-82.3699221
The Potato,29.6490641,-82.3437698
Albert A. Murphree,29.6504084,-82.3420628
Chick-fil-A,29.6483345,-82.3451544
A Living Legacy To The Constitution 1787-1987,29.6499429,-82.3432644
Venetian Rennaissance Well-Head,29.650804,-82.3421077
Todd C. Prosser Memorial Garden,29.6507114,-82.3421131
Todd C. Prosser Memorial Garden,29.650896,-82.3421119
University of Florida College of Pharmacy,29.6417298,-82.3452511
University of Florida College of Nursing,29.6417252,-82.3451277
University of Florida College of Public Health and Health Professions,29.6416645,-82.3453101
UF Informatics Institute,29.6482882,-82.3441035
Lakeside Residential Complex,29.6421792,-82.3661886
Tim Tebow (2007),29.6501236,-82.3500126
Steve Spurrier (1966),29.6500812,-82.3500172
Danny Wuerffel (1996),29.6500409,-82.3500184
Bull Gator,29.6487965,-82.3495976
Gate 18,29.6489797,-82.3491996
Gate 6,29.6510262,-82.3491981
Gate 7,29.6511752,-82.3488396
Gate 8,29.6511813,-82.3484133
Gate 9,29.651022,-82.3480181
Gate 16,29.6489971,-82.348085
Gate 17,29.6487365,-82.3486323
Gate 1,29.6493131,-82.3497229
Gate 2,29.6495504,-82.3498169
Gate 3,29.6503026,-82.349812
Gate 4,29.6504781,-82.349761
Gator Sportshop (South End Zone),29.6489688,-82.3491513
Gatorade's Birthplace,29.6500025,-82.3502872
UF Transportation Institute,29.6483856,-82.34799
UF Engineering School of Sustainable Infrastructure & Environment,29.6483903,-82.3489381
UF Bridge Software Institute,29.6483914,-82.3487323
UF Department of Industrial & Systems Engineering,29.6483891,-82.3483031
University of Florida ROTC,29.6485743,-82.3511199
UF College of Journalism & Communications,29.6479241,-82.3475073
UF College of Health & Human Performance,29.6491479,-82.3472725
UF Academic Advising Center,29.6502626,-82.3457115
Otis Hawkins Center,29.649926,-82.3457073
Timucua Burial Mound,29.6500139,-82.3603529
Fraternity Row,29.6463499,-82.357969
Gate 15,29.6493824,-82.3478396
Gate 13,29.6501757,-82.3477559
Gate 14,29.6497683,-82.3477703
Gate 12,29.6504832,-82.3478424
"UF Center for Gender Sexualities & Women’s Research",29.6504502,-82.3468141
UF Department of Materials Science & Engineering,29.6476896,-82.3490366
UF Information,29.6488419,-82.3445822
UF Department of Statistics,29.650186,-82.3437619
UF Department of Chemistry,29.6505053,-82.3442753
Gator Ubiquity,29.6515376,-82.3404939
UF Department of Geological Sciences,29.6476572,-82.346478
UF Department of Religion,29.651578,-82.3420731
UF Department of Political Science,29.6515767,-82.3418258
UF Office of the President,29.6491562,-82.3399087
UF Department of Mathematics,29.6488717,-82.3407362
Lawton Chiles Legal Information Center,29.6498492,-82.3588989
Gator Motorsports,29.6475246,-82.3495065
Beta Theta Pi across from Springs,29.6485074,-82.3565346
The Market at Graham,29.6458893,-82.3509805
Constans Theatre,29.646388,-82.3468327
Gate 1,29.6365139,-82.3643565
Gate 2,29.6358792,-82.3636552
Reitz Union Hotel,29.6464527,-82.3477896
UF School of Natural Resources & Conservation,29.6454145,-82.3457288
Blue Light Phone,29.6337177,-82.3672819
Fisher School of Accounting,29.6507629,-82.3401647
Hough Graduate School of Business,29.6504115,-82.3407217
UF School of Music,29.6482123,-82.342921
The Pride of the Sunshine Marching Band,29.6476256,-82.3426565
UF Department of Entomology & Nematology,29.6345885,-82.3667952
Odum Center for Wetlands,29.6446016,-82.3487929
UF Department of Physics,29.6440542,-82.3497306
Rinker School of Building Construction,29.6469281,-82.3432114
UF College of Eduation,29.6467058,-82.3381666
UF Digital Worlds Institute,29.6462783,-82.3379894
UF Honors Residential College,29.6444749,-82.3524792
The Fresh Food Company,29.6470262,-82.341145
UF Department of Electrical & Computer Engineering,29.6431204,-82.3472457
UF Department of Microbiology & Cell Science,29.639963,-82.3627937
J. Crayton Pruitt Family Department of Biomedical Engineering,29.6406433,-82.3456799
Historic Marker- Children's Literature Collection,29.6505922,-82.342268
Historic Marker- Latin American Studies,29.6498773,-82.3425125
University of Florida Health Science Center Library,29.6409353,-82.3448944
Blue Light Phone,29.6400533,-82.3688532
Blue Light Phone,29.6462318,-82.3612046
Blue Light Phone,29.6450435,-82.3597962
Blue Light Phone,29.6505029,-82.3427891
Blue Light Phone,29.6396742,-82.3698463
Blue Light Phone,29.6369558,-82.3688699
Blue Light Phone,29.638131,-82.3696459
Blue Light Phone,29.6404569,-82.351255
Blue Light Phone,29.6392371,-82.3507493
Blue Light Phone,29.6387602,-82.3514386
Blue Light Phone,29.6417784,-82.3425479
Blue Light Phone,29.6421722,-82.3438032
Blue Light Phone,29.6455214,-82.3396666
Blue Light Phone,29.6472648,-82.3413071
Blue Light Phone,29.6518068,-82.3395441
Blue Light Phone,29.6510951,-82.3398031
Blue Light Phone,29.6511666,-82.3482999
Blue Light Phone,29.6511614,-82.3489183
Blue Light Phone,29.6485095,-82.3492125
Blue Light Phone,29.6483017,-82.3505141
Blue Light Phone,29.6517361,-82.3425808
Blue Light Phone,29.6517193,-82.3441189
Blue Light Phone,29.6423054,-82.3466752
Blue Light Phone,29.6430925,-82.3465004
Blue Light Phone,29.6433594,-82.3502404
Blue Light Phone,29.6397502,-82.3492223
Blue Light Phone,29.6408073,-82.3459118
Blue Light Phone,29.6440299,-82.3450494
Blue Light Phone,29.6426868,-82.3472512
Blue Light Phone,29.6423825,-82.3476017
Blue Light Phone,29.6418423,-82.3475488
Blue Light Phone,29.6413061,-82.3482352
Blue Light Phone,29.6423161,-82.3503272
Blue Light Phone,29.6473781,-82.3465316
Blue Light Phone,29.6476592,-82.344657
Blue Light Phone,29.6473533,-82.343676
Blue Light Phone,29.6471807,-82.3425902
Blue Light Phone,29.6466016,-82.3434039
Blue Light Phone,29.6457106,-82.3466023
Blue Light Phone,29.6518983,-82.3416547
Blue Light Phone,29.6514613,-82.3417016
Blue Light Phone,29.6442722,-82.3493069
Blue Light Phone,29.6444897,-82.349793
Blue Light Phone,29.6441563,-82.3516841
Blue Light Phone,29.6383007,-82.3483819
Blue Light Phone,29.6377886,-82.3505697
Blue Light Phone,29.6379325,-82.35195
Beaty Towers,29.6449175,-82.3403931
Fletcher Library,29.6511323,-82.3454176
Blue Light Phone,29.6335246,-82.3466385
Blue Light Phone,29.6339466,-82.3481621
Blue Light Phone,29.634348,-82.3504901
Blue Light Phone,29.6503935,-82.3459141
Blue Light Phone,29.6510509,-82.344619
Blue Light Phone,29.6379792,-82.3675317
Blue Light Phone,29.6387756,-82.3675693
Blue Light Phone,29.638209,-82.3654306
Blue Light Phone,29.6400439,-82.3664608
Blue Light Phone,29.6379659,-82.3617623
Blue Light Phone,29.6379732,-82.3605652
Blue Light Phone,29.6384144,-82.3582794
Blue Light Phone,29.647758,-82.3504217
Blue Light Phone,29.6483917,-82.3532703
Blue Light Phone,29.6484351,-82.356732
Blue Light Phone,29.6463134,-82.3578397
Blue Light Phone,29.6493335,-82.3566352
Blue Light Phone,29.6493536,-82.3576225
Fraternity Row II across from Springs,29.6482925,-82.3576042
ChargePoint,29.6403794,-82.3467959
ChargePoint,29.6403622,-82.3467964
ChargePoint,29.6363611,-82.3644199
ChargePoint,29.648472,-82.359541
Blue Light Phone,29.6310116,-82.351097
UF Health Shands @ Archer Road,29.63906,-82.3441311
Tigert Hall,29.6495682,-82.3394784
The Hub,29.6485323,-82.3451896
Weimer Hall College of Journalism,29.6485666,-82.3473499
IFAS Lab,29.6382568,-82.3568431
Lake Alice Conservation Area,29.6384484,-82.353816
Fifield Hall,29.6377286,-82.3617541
Anderson Hall,29.6519669,-82.3420401
Gator Corner Dining,29.6485345,-82.3501827
Leigh Hall,29.650663,-82.3446991
Campus Edge Condominiums,29.6371365,-82.3589253
Mount Vernon Apartments,29.6357236,-82.3589166
Commuter Lot Parking Garage 14,29.6423136,-82.3503617
Physics Building,29.6434844,-82.3503238
Graham Hall,29.6458817,-82.35026
Gator Corner Dining Facility @ Gale Lemerand,29.6481849,-82.3496032
Mount Vernon Apartments @ Southwest 23rd Drive,29.6357237,-82.3588169
Campus Edge Condominiums,29.6370934,-82.3588021
IFAS Office and Forestry Field Lab,29.6381891,-82.3568146
Cancer/Genetics Research Complex,29.638368,-82.3535165
ShandsCair Helipad,29.6355157,-82.3510017
Rawlings Hall,29.6466171,-82.3436
Firehouse Subs,29.6487189,-82.3444961
Wild Blue Sushi,29.6487507,-82.3445327
Cultural Plaza,29.6375796,-82.3685293
Fifield Hall,29.6375784,-82.362275
Northbound Museum Road @ Farside Hull Road,29.6387135,-82.3640935
Northbound Museum Road @ Farside Radio Road,29.6402557,-82.3641129
Northbound Museum Road @ Nearside Radio Road,29.6412485,-82.3641158
Lakeside Residential Complex Northbound,29.6423154,-82.3664213
Lakeside Residential Complex,29.6422185,-82.3646291
UF Health @ Center Drive,29.6408259,-82.3460591
Dauer Hall,29.6505675,-82.3448062
Newell Hall across from Hub,29.6486654,-82.3458416
Florida Gym,29.648691,-82.3471993
O'Connell Center @ Stadium Road,29.6484882,-82.3504874
Springs Residence Hall,29.6486098,-82.356552
Fraternity Row @ West Fraternity Drive,29.6478606,-82.3579978
Corry Village,29.6477791,-82.3600326
Corry Village,29.6476177,-82.3600242
UF Bat Houses,29.6431819,-82.3636807
Microbiology/Cell Science Building,29.6403055,-82.3642522
Shands Parking Garage 2,29.6395415,-82.3469983
Fifield Park and Ride,29.6406064,-82.361577
Ben Hill Griffin Stadium,29.6510538,-82.3497737
Cultural Plaza,29.6367784,-82.3679648
Family Housing,29.6394747,-82.3706004
Family Housing,29.6408888,-82.3695883
Family Housing,29.6394435,-82.3706513
Saint Augustine Catholic Church,29.6519527,-82.346512
The Hub,29.6488371,-82.3446805
Marston Library/Food Science Circle Bus Shelter,29.6470542,-82.3436444
Reitz Union/Constans Theatre,29.6457507,-82.3463402
Weil/Weimer Hall,29.6485339,-82.3492033
Student Infirmary,29.6490016,-82.3466485
The Market @ The Hub,29.6481684,-82.3451368
Food Court Entrance / Route to Parking Exit,29.6457335,-82.347964
Tolbert Residence Hall,29.6476764,-82.3498362
Graham Hall,29.6460246,-82.3504536
Hume Hall,29.6449637,-82.3522189
Lake Alice Field,29.6448767,-82.3568399
Frazier-Rogers Hall,29.6447805,-82.3457803
University Police Department,29.6443118,-82.3436122
McKnight Brain Institute,29.6420388,-82.3438173
UF Health Pediatric ER,29.6410326,-82.3426862
Shands Children's Hospital,29.6398418,-82.3420389
Parking Garage 4,29.6422371,-82.3506326
Westbound Radio Road @ Nearside Southwest 34th Street,29.6423019,-82.370777
Eastbound Radio Road @ Nearside Southwest 34th Street,29.6421686,-82.3707518
Tobert Hall/Florida Fresh Dining,29.6482288,-82.3507349
I-STREET,29.6469854,-82.3495497
Center Dr @ Museum Rd,29.644079,-82.3470249
Center Dr @ Museum Rd,29.6443605,-82.3468462
Florida Rocket Lab,29.6274064,-82.3604862
ChargePoint,29.6397887,-82.3463647
ChargePoint,29.6403692,-82.3467957
Gainesville,29.68205935491811,-82.3451277525404
Lake Alice,29.642916510787355,-82.36123689846428
Leigh Hall,29.650424441704253,-82.34427714956476
Architecture Building,29.647745463998657,-82.34168813594067
Hume Pond,29.643505699046397,-82.35252715410157
New Physics Building,29.643890889349844,-82.34979227243173
Hume Residential Area,29.64427232147202,-82.35246512052137
Turlington Plaza,29.64864187848353,-82.34397531032465
Stuzin Hall,29.65089684188309,-82.34110851953452
Percy Beard Track,29.649324416536025,-82.35459056618325
Steinmetz Hall,29.63464844209908,-82.36647729953317
North Endzone Ramp,29.65102394190929,-82.34823156960653
North Endzone Ramp,29.65102805029812,-82.34901135328128
Graham Residential Area,29.645958083003812,-82.35138889006544
ΣΑΕ,29.645345771184033,-82.3550691468105
Graham Pool,29.646148934667753,-82.35174064499509
Keys Residential Complex,29.647788773293602,-82.35407382591289
ΣΦΕ,29.64553677444133,-82.3561711634655
ΦΓΔ,29.646392584278743,-82.35704128158763
ΣΧ,29.646720804013896,-82.35717903986954
Fraternity Row,29.646652618794672,-82.35662671439334
Katie Seashole Pressly Stadium,29.63864946813634,-82.3648542742512
Southwest Recreation Center Fields,29.64057538662289,-82.36544779563717
University Village South Field,29.638763045432977,-82.36995769933583
University Village South Sand Volleyball Courts,29.637959063146337,-82.36996479558383
Southwest Recreation Center Tennis Courts,29.63840027510162,-82.36702495949498
Condron Family Ballpark,29.636509515673254,-82.36354075131035
Alfred A. McKethan Field,29.636703166463693,-82.36340110466315
Natural Area Teaching Laboratory,29.632316664066877,-82.36842089861801
Fine Arts B,29.648175264388737,-82.33979431941209
Fine Arts Courtyard,29.648049917485643,-82.34013132653669
Architecture Lawn,29.64822309484283,-82.34161136720049
Cultural Plaza Parking,29.636975665542256,-82.36889625703424
Harn Museum of Art,29.637009273552977,-82.37037492460634
Cultural Plaza,29.636370189736265,-82.36996501933767
Physics Lawn,29.643940415179596,-82.34935974518713
Yulee Residential Area,29.646061640081527,-82.34015017259723
Norman Hall,29.64668574867239,-82.33777689763588
University Village South,29.63871575971973,-82.37136735904357
Auditorium Park,29.649161692053262,-82.34267355644869
Beaty Towers Parking,29.643659763660875,-82.34057769087003
Jennings Parking,29.643338523512472,-82.34280546704507
Water Reclamation Facility,29.641867775844,-82.3499508320555
Study Area,29.651187680334377,-82.34300819355359
Library West,29.651387546999885,-82.34290975661152
Graham Park,29.645258929453295,-82.35092436116956
Building #4,29.645467041311782,-82.34101014716246
University of Florida,29.639189127685682,-82.35580595248547
Southwest Recreation Ground Complex,29.639641274771787,-82.36691145628329
Bat House Woods,29.643857960297456,-82.36498827599307
Sweetwater Drive,29.64421685721401,-82.34860397851243
Newell Drive,29.64279858182511,-82.34360552296116
Date Palm Drive,29.639324975578376,-82.35705303980434
Elmore Drive,29.643334264094076,-82.36703252632266
Broward Drive,29.6459119141004,-82.34204041282156
Diamond Road,29.64225503278434,-82.34078790288252
Southwest 23rd Road,29.637842874921038,-82.35598542656362
Hull Road,29.637655940845512,-82.36143216971419
Ritchy Road,29.630376563477935,-82.3532542359904
Bledsoe Drive,29.639338299936593,-82.36929964825983
Shealy Drive,29.633003592410038,-82.35102878348467
West Fraternity Drive,29.647752813037755,-82.35905698854276
Gale Lemerand Drive,29.63763775343141,-82.35032682734747
Corry Circle,29.646421050651902,-82.3617477078683
Mowry Road,29.63959511315676,-82.3477060708734
Village Drive,29.64990652791974,-82.36039035146763
Buckman Drive,29.649170161035112,-82.34476109311817
Fraternity Drive,29.64840843556585,-82.35699345336003
Mowry Road,29.638407515257295,-82.35476673233994
Southwest 23rd Drive,29.636125219435996,-82.3588713049152
Fletcher Drive,29.650398624042833,-82.34613901798679
Center Drive,29.643280016545653,-82.34679414607086
Diamond Road,29.643665446984052,-82.33949755147567
Inner Road,29.647306811357865,-82.34087054091125
Union Road,29.649761421373867,-82.34229798839837
Woodlawn Drive,29.646658468462046,-82.35532505272452
McCarty Drive,29.645914502059156,-82.34522695674546
Radio Road,29.642262719067716,-82.36700767313815
Museum Road,29.644908394922673,-82.35379618609971
Orange Drive,29.640154395582517,-82.36995423147626
Kermit Sigmon Trail,29.635365348801688,-82.3535352864444
Newell Drive,29.651572244996363,-82.34350183930827
Flavet Field,29.64658026819527,-82.35430903412596
Gator Band Shell,29.646685334919596,-82.35326492382111
Exactech Arena,29.649426284343782,-82.3511051033932
Ben Hill Griffin Stadium,29.64994311996324,-82.34874205866888
Florida Gym,29.649385920488527,-82.34727089269361
Reitz Union Drive,29.646070455202512,-82.34846484503535
Newell Drive,29.64918090036815,-82.34351115296107
Norman Hall Tunnel,29.64675485,-82.33929035000001
Southwest 23rd Street,29.63129642768995,-82.35585474255325
Ballpark Way,29.632671601371822,-82.36186711812996
Union Road,29.649993232050797,-82.34020891454597
McCarty Hall A,29.646963719618654,-82.34553275392766
Steve Spurrier-Florida Field,29.649930613411925,-82.3486276953144
Gale Lemerand Drive,29.64705811255272,-82.34982066099896
Gale Lemerand Drive,29.64979164422899,-82.3499474945774
Gale Lemerand Drive,29.644607350205202,-82.35040751671629
Turlington Hall,29.64918764388463,-82.34409625481278
North Hall,29.64789928073019,-82.35073156119488
Riker Hall,29.64747545227784,-82.35117546054731
McCarty Hall D,29.6464890820716,-82.34436128710799
Tolbert Hall,29.647975266040287,-82.35140593734016
McCarty Hall C,29.646661063753776,-82.34535447605192
McCarty Hall B,29.646744738230005,-82.3449233366864
Parking Garage 5,29.64326118218843,-82.35128381602222
Weaver Hall,29.64701441631705,-82.3507500150931
UF Shands Garage 2,29.638872240355806,-82.34677657026396
UF Shands Garage 3,29.63865464488912,-82.34776539953484
Graham Hall,29.646171102937778,-82.35075774507439
Simpson Hall,29.645437898076928,-82.35149272278987
Trusler Hall,29.645812901214963,-82.35181292255082
East Hall,29.647312226690627,-82.35021997794523
Gator Corner Dining Center,29.64803998846252,-82.35014616753719
Benton Hall,29.643385833808736,-82.34761665293227
McGuire Pavilion,29.64618210369713,-82.34661720927829
Liberty Pond,29.645805621786973,-82.34712975205815
Larsen Hall,29.643129998388936,-82.3473908388855
MAE-A,29.64329406868298,-82.34827647261436
Nanoscale Research Facility,29.642767488455775,-82.34613746497607
Newins-Ziegler Hall,29.64537656795056,-82.34572350170758
Psychology Building,29.643404667101027,-82.34630614148968
UF Bookstore & Welcome Center,29.64536297424699,-82.3478707417136
Engineering HR South,29.641626199592345,-82.34837615750799
CLAS Greenhouse,29.6443354,-82.34617265000001
Wastewater Filters,29.642212550000004,-82.34996964999999
Biological Nutrient Removal Basins,29.642906831321298,-82.34993718619911
Chlorine Contact Chamber,29.641978971111627,-82.34997569681235
Hydropneumatic Tank,29.64161835,-82.3501627
Water Reclamation Administration Building,29.642018902913335,-82.35021026494701
Botany Greenhouse,29.644222953669694,-82.34613842493671
Water Reclamation Shop/Storage and Chemical Stg,29.64161602499592,-82.34975757562408
Zoology Greenhouse,29.64421665,-82.3462744
Water Reclamation Sludge Building,29.642134756702283,-82.34973099625309
Commuter Lot,29.641571086009154,-82.35152617020745
Water Reclamation Storage Tank,29.6413134712681,-82.34989545358441
Clarifier (West),29.642517773900597,-82.35014295898833
Clarifier (East),29.64251009141277,-82.34974744800978
Rawlings Hall,29.64624724156973,-82.34293617757915
Rinker Hall,29.64694900503964,-82.34320179925133
Parking Garage 4,29.645267144119366,-82.3429798042721
Mallory Hall,29.646788345990675,-82.34030452373614
Reid Hall,29.646457544548497,-82.33984186575046
Rolfs Hall,29.649245056722254,-82.34448823256359
Weimer Hall,29.647830858239562,-82.34739092662876
Williamson Hall,29.64791384370237,-82.34654851648088
Yulee Hall,29.646218757956156,-82.34036132411883
Walker Hall Chilled Water Plant (CWP3),29.64942021918288,-82.34115054822976
Weil Cooling Towers,29.64759613730664,-82.34854901407263
Microkelvin Laboratory,29.648052949902826,-82.34644000792008
Aquatic Food Products Lab,29.64690435433853,-82.34396973090975
McCarty Chilled Water Plant,29.646049038678882,-82.3450302250721
IFAS Information Technologies,29.646029999999996,-82.3456659
Materials Engineering,29.646682371864983,-82.34919136039305
McCarty Annex A,29.646190000000004,-82.3456755
Sea Grant Building,29.64622845,-82.34596525
McCarty Cooling Towers,29.646206275238438,-82.34529737615351
MAE-B,29.64636283028099,-82.34943614851906
Van Fleet Hall,29.64855572819276,-82.35113223987419
Wildlife Ecology,29.645823171597176,-82.34575787277475
Bartram Hall,29.643922516619224,-82.34451042814207
Carr Hall,29.643850587671455,-82.34488662548233
Frazier-Rogers Hall,29.644411322603187,-82.34546231616251
Botany Greenhouse,29.643622399999995,-82.34488045
Carleton Auditorium,29.649078506901038,-82.34166615046836
Century Tower,29.64881377506948,-82.34332129058649
Computer Sciences & Engineering Building,29.648317645115263,-82.34436942869036
Fine Arts A,29.648182377979044,-82.34060514172758
Grinter Hall,29.649277660160557,-82.34209028806532
Marston Science Library,29.647934061661157,-82.3439277202402
Music Building,29.648228951079957,-82.34288966898474
Broward Hall,29.64654656931086,-82.34208372185132
Fine Arts C,29.6477420432882,-82.34044349569761
Fine Arts D,29.648383008963247,-82.34015735066087
Hume Commons,29.644522199934787,-82.3524825685886
Perry Indoor Tennis Facility,29.65004620532175,-82.3563863058456
Hume East,29.644530922236243,-82.35168125717715
Hume Staff Residence,29.644320315754758,-82.3519608245643
Hume West,29.644572491933452,-82.35329661219082
Holland Law Chilled Water Plant,29.64811059531667,-82.35808630830853
Bryant Space Science Center,29.648929381197924,-82.34573865085534
Hume Field,29.643346842676927,-82.35359454613953
Murphree Hall,29.651217467010564,-82.34673620929567
Newell Hall,29.64908360837135,-82.3451825146459
Student Recreation & Fitness Center,29.650115401398416,-82.34677503380766
The Hub,29.64817220435971,-82.34557186705304
Ustler Hall,29.650447949410335,-82.34689785794224
Florida Pool,29.65020548172806,-82.34726697514625
MAE-C,29.647350453803046,-82.3494997794264
Nuclear Sciences,29.647380484713896,-82.34806165164953
Rhines Hall,29.64748648340007,-82.34901233971767
Newins-Ziegler Woods,29.645243505390006,-82.34635698038419
Reitz Ravine Woods,29.645499041092922,-82.34945523763444
Diamond Commons,29.642402624281328,-82.34047500247624
Beaty Tower A,29.644096344641355,-82.34076886397885
UF Housing & Residence Education Office,29.64416195015475,-82.33980745178194
Beaty Service Building F,29.643989249999997,-82.3404288
Matherly Hall,29.651627662710652,-82.34103857149964
Smathers Library,29.65091309916564,-82.34180910076492
Pugh Hall,29.64941591107061,-82.34553317508633
University Auditorium,29.648968776979615,-82.34291873328944
Bryan Hall,29.65126946179768,-82.34033126278395
Walker Hall,29.649458741426905,-82.34159262482719
Gerson Hall,29.650739763018535,-82.34010958311225
Student Infirmary,29.649530559869596,-82.34659098881423
Hough Hall,29.650409558062414,-82.34074784113776
Tigert Hall,29.649437973230068,-82.339898379807
Griffin-Floyd Hall,29.650115754363863,-82.3437767146518
Sisler Hall,29.65004205405087,-82.3442565217731
Keene-Flint Hall,29.651419950255647,-82.34396009754482
Farrior Hall,29.65006286554561,-82.34571061269882
Little Hall,29.648850267970797,-82.34072941724072
Anderson Hall,29.651575348478772,-82.34190627430355
Dickinson Hall,29.644378631754105,-82.34418278412824
Chemical Engineering Building,29.642706493055698,-82.34799959716204
Biomedical Sciences Building,29.64044812304294,-82.34573153857154
Holland Hall,29.649747080363177,-82.3590672215738
Southwest Recreation Center,29.638404413096747,-82.36833721178138
Jennings Hall A,29.64436421989889,-82.34172527027327
New Engineering Building,29.642298793793152,-82.34714927362475
University of Florida Health Davis Cancer Pavilion,29.637733225565146,-82.3496280054944
Environmental Health & Safety,29.643531414588832,-82.34391308400538
HPNP Building,29.641664914649446,-82.34523051584374
Shepard Broad,29.640275704860304,-82.34650731334331
Particle Science & Technology,29.641465574796364,-82.34784205455321
Black Hall,29.641918475854826,-82.34786624820113
Levin Advocacy Center,29.648801440872266,-82.3593498831173
Bivens Arm,29.625242981447677,-82.34643647690805
Indoor Football Practice Facility,29.650592509043058,-82.35261536097369
Earl & Christy Powell University House,29.651653597376555,-82.35398136877106
Peabody Hall,29.650090739246824,-82.34204320736309
Criser Hall,29.650192914539556,-82.34163539380422
Parking Garage 7,29.65060435135061,-82.35153910962964
ΘΧ,29.647439214943553,-82.35721239893287
Bat House,29.64423570977379,-82.36277079366427
ΑΕΠ,29.648193000584715,-82.35592490707555
IFAS Research Drive,29.634277908245913,-82.36150710606991
Gale Lemerand Drive,29.636158842710014,-82.35011090149492
Broward Dining Center,29.646956839138017,-82.34127443504768
"FLBMF - Inglis Lateral 8""",29.499280798030753,-82.44965791229609
Steinbrenner Band Hall,29.647648359296902,-82.34263511381214
Little Hall Express,29.64871760300196,-82.34136299064225
ΠΛΦ,29.648051004026616,-82.35555929501864
Keys Residence House 3,29.6479074425697,-82.35393045595693
ΣΝ,29.647365296414282,-82.35842377157358
Keys Commons,29.64772870747043,-82.35335779247389
Keys Residence house 5,29.648026036809604,-82.35464944924395
Keys Residence House 9,29.647587154066407,-82.35375699299674
Keys Residence House 2,29.648069918674196,-82.35346454426073
Keys Residence House 8,29.647554103179807,-82.35412819887969
Keys Residence House 7,29.647593842511913,-82.3545100293173
Keys Residence House 6,29.647649095586694,-82.35488266755507
ΚΑ,29.64577345552238,-82.35665279724255
Keys Residence House 10,29.647369756131333,-82.35350491486557
Keys Residence House 4,29.647880572373644,-82.35431389505854
North O'Connell Parking Lot,29.65100574878105,-82.35099380333513
Bledsoe Drive Parking,29.639594911817284,-82.36985029586602
Agricultural Engineering Building,29.638268217717076,-82.36365082491601
Fifield Hall,29.63839580195042,-82.36114942159497
IFAS Facilities Office,29.639361282368846,-82.35728106874109
IFAS Headhouse,29.63869302117989,-82.35988608624139
Agricultural Engineering Shop,29.638148125102802,-82.36328780488651
Agricultural Engineering Field Lab,29.63827912509048,-82.36392345173205
Microbiology/Cell Science Building,29.639963455847393,-82.3630094435859
Orchard Drive,29.639871452039642,-82.36015789089222
Ornamental Horticulture Greenhouse,29.639101735366577,-82.35963752501507
Bio-Tech Lab,29.638485273347865,-82.35962165893523
Microcell Parking,29.640005602942942,-82.36246369964438
Weed Sciences Field Building,29.63918412859078,-82.36376689413243
Hull Road,29.637614495837905,-82.3686099753207
Memorial Road,29.640409338402247,-82.3592895176688
Lakeside Commons,29.6418543696752,-82.36620307315849
Hull Road,29.637685206192327,-82.36772751036477
Dauer Hall,29.649943184757568,-82.34509179196509
Chemistry Laboratory,29.650898109703302,-82.34412556917553
Plaza of the Americas,29.650462620578264,-82.34277679528647
Jennings Hall Office,29.64437964768072,-82.3422149180427
Beaty Commons,29.6443754750699,-82.340597407778
Beaty Creekside Apartments,29.644082161451923,-82.34107641812265
Housing Orange Parking,29.644168546067284,-82.3395648314676
Diamond Village Basketball Court,29.643249748448845,-82.34166880143536
Diamond Village Parking,29.64204978984846,-82.34107686534364
Cypress Hall,29.64590926621783,-82.33981185308271
UPD Centrex Building,29.643933028089357,-82.34308584854644
Norman Field,29.645492408603108,-82.33877407373363
Yulee Reid Parking,29.647140784290094,-82.34007667505487
Jennings Creek,29.643647556387673,-82.34170107061594
Jennings Creek,29.645102910843335,-82.34044402266454
Lake Alice Creek,29.64179747147337,-82.34078452239227
Diamond Creek,29.64183818176913,-82.34049104158171
Ocala Pond,29.647666036088015,-82.33968768815363
Norman Garage,29.645503287864393,-82.33749630020682
Rawlings Plaza,29.646271588587677,-82.34320076617695
Tropical Ecology & Conservation lab,29.64568230467809,-82.34321503468614
McKnight Brain Institute,29.641846238345483,-82.34323111473202
Springs Common,29.648707064164764,-82.35712573964636
Graham Area Office,29.64587792716264,-82.35108897247044
Pool Maintenance,29.646148386262837,-82.35197595296373
Graham Pond,29.64528862015505,-82.35101590171678
Hume Creek,29.64455895979671,-82.35088696893771
Hume Creek,29.6445523352802,-82.3507201168987
Hume Creek,29.643834704600312,-82.35133843231839
Keys Complex Parking,29.647350115384864,-82.35428405182819
Keys Complex Parking,29.647995058668876,-82.35491945280046
Keys Complex Parking,29.64813151006737,-82.3540633074023
Graham Woods,29.64721771659479,-82.35230684637868
Hume Parking,29.64416027753121,-82.35104925043935
Hume Basketball Courts,29.64398809844852,-82.35435605595728
Hume Racquetball Courts,29.644033018865063,-82.35474590758535
Pony Field,29.63988787158552,-82.35093823916037
Pony Field Parking,29.639154266257012,-82.3512752111635
Lake Alice Conservation Area,29.64195246897911,-82.35709148062386
Springs Complex Parking,29.648704041818238,-82.35661729862937
Springs Complex Parking,29.64854728300555,-82.35760922718681
University Womens Club,29.649243617783263,-82.35613724341702
Basketball Practice Complex,29.64961490053732,-82.35619925666373
Ring Varsity Tennis Building,29.649690714408862,-82.35771181983505
Corry Village Commons,29.646393139364008,-82.36091140990166
Corry Village Parking,29.646518403036335,-82.36050101703853
Harmonic Woods,29.646057118670676,-82.35883929498867
Baby Gator,29.645374444574866,-82.36051897036847
Lakeside Complex Parking,29.641826512603746,-82.36668469537254
Lakeside Complex Parking,29.641180087185504,-82.36506752765276
Softball Field House,29.638862831767792,-82.3653339874384
Softball Batting Cage,29.63906267515221,-82.36530964322638
Southwest Rec Center Parking,29.637899900984134,-82.36734034993059
North Lacrosse Parking,29.637461133847353,-82.3665010102234
Rob Gidel Family Practice Field,29.636726200010525,-82.36558269443911
Donald R. Dizney Field,29.63672229999984,-82.366330544523
Lacrosse & Soccer Support Facility,29.6360450837839,-82.36593254336887
Soccer Practice FIeld,29.63677659225771,-82.36738233125823
West Chilled Water Plant,29.639499000000004,-82.3659958
Maguire Field,29.641549973441645,-82.36868732538838
Thomas Hall,29.651199451454094,-82.34600230031863
Sledd Hall,29.6507652791721,-82.34553678714464
Fletcher Hall,29.651371122507314,-82.34531032471821
Buckman Hall,29.65088500210359,-82.34500278055816
Murphree Area Commons Building,29.651429719889624,-82.34570702386534
Murphree Blue Parking,29.651846854185994,-82.34551518288204
Murphree Red 1 Parking,29.651855282943462,-82.3467614393642
Murphree Orange Parking Lot,29.651252395729614,-82.34727882372557
Reitz Union North Lawn,29.647229142067477,-82.34624549213682
McCarty Woods,29.64535354632754,-82.34460135115165
McCarty Hall Parking,29.645950299630172,-82.3441056127999
Food Science & Human Nutrition,29.646910405878845,-82.34439292387204
Aquatic Food Pilot Plant,29.647354448145588,-82.3440297719596
Dairy Pond,29.647367160864334,-82.34456539504154
Gator Pond,29.648236291948624,-82.34129946883792
Bartram-Carr Woods,29.64294175520874,-82.34518098733568
Housing Specialty Shop,29.63242187661508,-82.36635090630415
Housing Furniture Shop,29.631847132061544,-82.36642691614833
Surge Area Drive,29.630948737625086,-82.36635110434327
Housing Supply Warehouse,29.63128951201224,-82.36629762438076
Surge Area Parking,29.632217729664994,-82.36652908554422
University Village South Commons,29.638740538916792,-82.37100127774131
Maguire Village Basketball Court,29.639789875071536,-82.37166711788186
Maguire Village Pool,29.640729849999996,-82.37084159999999
Maguire Commons,29.641146785864,-82.37080293571175
Blue Circle,29.639876954950278,-82.37176177551314
Citrus Road,29.63581689313682,-82.36356768055087
IFAS Environmental Stress Lab,29.635451392394142,-82.36465666126246
IFAS Fruit Packing Facility,29.635659600281883,-82.36461907323488
Fruit Crops Pole Barn,29.63564695292268,-82.36394870580892
IFAS Equipment Storage,29.63559488517414,-82.36424101496523
Orange Drive,29.642163600902155,-82.37049525640741
Mark Bostick Golf Course,29.647541066245505,-82.36818749196522
Kermit Sigmon Trail,29.63852864937629,-82.34461191910064
Kermit Sigmon Trail,29.636317749210942,-82.35085176482542
Kermit Sigmon Trail,29.63573758688994,-82.3525211025449
Hume Creek,29.64420615,-82.35085955
Reitz Union Drive,29.645820974915186,-82.34853732043884
Reitz Union Drive,29.645838975856794,-82.348629002767
Center Drive,29.64011583668509,-82.34612767210629
The Hub,29.648534650000002,-82.3455353
Union Road,29.650293310459798,-82.33984159914836
Union Road,29.650196578743365,-82.3397957543189
Florida Museum of Natural History,29.635918273325842,-82.3703670572225
Parking Garage 11,29.636308474009024,-82.36844060778968
Phillips Center for the Performing Arts,29.635281556342246,-82.36929771524106
Stadium Road,29.648312984248644,-82.35304548687614
Museum Drive,29.641146851922187,-82.36418315001767
Museum Road,29.644918343512767,-82.36047734550581
Newell Drive,29.641330802715633,-82.34334650586892
Mail & Document Services Parking,29.64250692189822,-82.36707149726695
Elmore Hall Parking,29.64282363669746,-82.3662120299794
Facilities Services Parking Lot,29.643133437752425,-82.37076019460665
Hull Road,29.637604691056314,-82.36949850004447
Hull Road,29.637620849999998,-82.3708474
Hull Road,29.637708111865916,-82.36885440004913
Hull Road,29.637612654910626,-82.3717687963711
Hull Road,29.63770447646518,-82.3721171502925
Hull Road,29.63770843017215,-82.37054849801758
Hull Road,29.637612689334983,-82.37014442100815
Museum Road,29.64487012577977,-82.33955805870123
Museum Road,29.644826600000002,-82.33986705000001
Museum Road,29.64477127290189,-82.34080327493464
Radio Road,29.642226209881567,-82.37217979984116
Shealy Drive,29.634350292921223,-82.35120951294748
Shealy Drive,29.63471136962506,-82.35128374622023
Shealy Drive,29.635152103916447,-82.35131120352246
Shealy Drive,29.63584326128146,-82.35141766563291
Southwest 23rd Drive,29.634166406050127,-82.35885698164788
Southwest 23rd Street,29.62943859890667,-82.35585952134446
Southwest 23rd Street,29.627869988885617,-82.3558556615438
Varsity Tennis Building,29.650068297103612,-82.35773875547196
Guy Bostick Golf Clubhouse,29.64991822236996,-82.36494634948596
UF Physical Security Department,29.642657173896453,-82.37008520000664
University of Florida Mail & Documents Services,29.642838683966776,-82.36704250273888
Facilities Services Human Resources,29.643636299132215,-82.37020632413879
Golf Practice Facility,29.647452856976425,-82.3688098396068
Magnolia Drive,29.64296569079732,-82.368406375001
Museum Road,29.64482722694618,-82.34302869986554
Museum Road,29.644839905758676,-82.34630839998137
Newell Drive,29.646020596383853,-82.34351566450988
Union Road,29.649761974877055,-82.34412370154362
Gale Lemerand Drive,29.648309350170308,-82.34973512568428
Woodlawn Drive,29.6494481517247,-82.35571066196042
Stadium Road,29.6486213556791,-82.34510837871828
Buckman Drive,29.650896399922907,-82.34474166590199
Museum Road,29.644941894361658,-82.35841784452597
Stadium Road,29.64861705,-82.34564615
Stadium Road,29.648641243720395,-82.34831210003993
Newell Drive,29.648060322829664,-82.3435096808746
Bledsoe Drive,29.637654949999998,-82.36929935
Hull Road,29.637620953907483,-82.36748233405133
Hull Road,29.63768388641544,-82.36523818425603
Museum Road,29.64386866985434,-82.36249691340514
Newell Drive,29.64702585005966,-82.34351541437617
Radio Road,29.64223975811669,-82.37062776630893
Bledsoe Drive,29.641609100023274,-82.36930179072338
Fraternity Drive,29.646282877718946,-82.35777952863002
Museum Road,29.6449517,-82.35983955
Village Drive,29.646332646734013,-82.36004299233032
Center Drive,29.638912133194736,-82.34616149396685
Gale Lemerand Drive,29.641752724276415,-82.35045099859927
Shands Cair Heliport,29.635518149999996,-82.3505796
Shealy Drive,29.631176798467994,-82.35077122159879
Hogtown Creek Woods,29.64348773295625,-82.37906714928161
Shealy Drive,29.635381950000003,-82.3513269
Archer Woods,29.62988318940999,-82.36878258600478
UF Emerging Pathogens Institute,29.637254367268312,-82.35197781443804
UF Cancer & Genetics Research Complex,29.638016427762327,-82.3515897740249
Health Science Center Modular Building,29.637516142671448,-82.35392593450781
UF Aquatic Pathobiology Lab,29.63726120616925,-82.35298525233078
UF Center for Environmental & Human Toxicology,29.636773085576614,-82.35307425042153
Animal Sciences Beef Teaching Unit,29.62115181851964,-82.35340817991992
Bat House Parking,29.643466090082047,-82.36401439143404
Network Services Field Station,29.644029700003493,-82.36406539994626
Bat House,29.64422755,-82.36290765000001
The Courtyard,29.64384775,-82.34973479999998
University of Florida Substation,29.640827611877835,-82.34867866933973
Phelps Lab,29.64455614736727,-82.34884319103388
UF Clinical & Translational Research Building,29.639855893329823,-82.34973331435546
Sabal Palm Drive,29.63905353053597,-82.35642455549068
Baughman Center,29.64223121965587,-82.36356341874517
Cultural Plaza,29.637508599999997,-82.36853185000001
Newell Drive,29.640553951528325,-82.3422909772993
Cancer Research Parking,29.638040156435206,-82.34845884515447
Wilmot Gardens,29.639033025894218,-82.34931883146346
Working/Healing Gardens,29.63892374121924,-82.34987225103902
Baughman Center Administration,29.64201552284666,-82.36361841243114
Hume Hall,29.644974875115107,-82.3521656558575
University Gardens Parking,29.644800398255875,-82.35754368228898
Digital Design Wetlands,29.641927690950354,-82.34903831868864
Fraternity Wetland,29.646785141054337,-82.3560617354972
Fraternity Row,29.648219960983116,-82.3576410088733
Hume Creek,29.6448751,-82.35093094999999
Hume Creek,29.6450243,-82.3509481
Jennings Creek,29.642243145262803,-82.34247694169306
Jennings Creek,29.644822550000004,-82.34084355
Museum Road,29.64487628788792,-82.34950200213554
Swiming & Diving Complex,29.64859694913924,-82.35155540123213
Infirmary Parking,29.64889024102904,-82.34641662637796
Rhines Hall Parking,29.64740394797384,-82.3486916908464
Tigert Hall Parking,29.649376571002808,-82.34069783345673
Weil Hall,29.648348725898398,-82.34844449257012
Reed Laboratory,29.647947943029454,-82.34811062877759
Nuclear Training Reactor,29.6476356044728,-82.34809059057083
Museum Road,29.644821749999995,-82.34197879999999
Museum Road,29.644787152116482,-82.3400689999855
Museum Road,29.64484394136529,-82.34054510747582
University of Florida Medical Plaza,29.63783575651358,-82.34898470876922
University Gardens,29.644271097449703,-82.35826047364529
Law School Woods Conservation Area,29.649342368335414,-82.36089576992593
Jimmy John's,29.635254917438353,-82.35555787028537
Mobile Locksmith,29.63529606616541,-82.35538729843347
Track Parking Lot,29.649448510216985,-82.35543122281886
L. Gale Lemerand Athletic Center,29.648773710580347,-82.35383397938669
O'Connell Center Storage,29.64993463212928,-82.35220417561167
Ring Tennis Complex,29.649807830582482,-82.3571172640431
ΒΘΠ,29.648147662333557,-82.3563783019445
ΠΚΦ,29.64783399165981,-82.35714051677319
ΤΕΦ,29.647094440153918,-82.35722158936012
ΔΧ,29.64606758752139,-82.35690362262886
ΛΧΑ,29.645420132360066,-82.35577419900312
ΔΣΦ,29.64524374317239,-82.35447023702199
Flavet Courts,29.646285714633642,-82.35267383409533
Ficke Gardens,29.641097272136644,-82.36350534444128
SEEP Nature Trail,29.635074830399994,-82.36790709976472
Stormwater Enhancement Ecological Project,29.63473345065002,-82.3678711615102
Natural Area Teaching Pavilion,29.633497190936097,-82.36744262415563
Old Field Nature Trail,29.634326592458105,-82.36874537950766
Inner Road,29.64744262652217,-82.34293554699222
Museum Road,29.644815852855828,-82.34128129993881
Museum Road,29.64476056156389,-82.34032561589103
College of Veterinary Medicine,29.63371532353603,-82.34880228477891
Straughn IFAS Extension Professional Development Center,29.63253581496,-82.35127192811044
Ustler Hall Courtyard,29.650401600551405,-82.34650366997639
Presidents Park,29.6514887705191,-82.3543780578418
Field & Fork Farm and Gardens,29.64429109007285,-82.36313707028626
Old Field Nature Trail,29.63407608459034,-82.3699352153916
UF Substation #7,29.649201668197307,-82.34116150650246
Gator Walk,29.65194105246117,-82.34861398932311
Scott Family Hall,29.651419862422802,-82.34442589351936
UF Substation #3,29.648770925033574,-82.34250964189813
Fine Arts C Parking,29.647520353331068,-82.34052217506206
Cypress Parking,29.645667769943156,-82.33964974100172
Heavener Hall,29.651583012279975,-82.33991494374439
Smathers Fire Pump Building,29.65083319295323,-82.34149117551534
Criser CIB,29.6509639,-82.3414984
Smathers Emergency Generator,29.650891299999998,-82.34148905
Smathers Walkway,29.651023092876905,-82.34325964998136
Substation #1,29.648104485701563,-82.34905000196565
Generator 0695,29.64749783238636,-82.34830719883996
Engineering Clock Tower,29.648406457364718,-82.34928362493709
Substation #9,29.648192286714636,-82.34861764355804
Weil Chilled Water Plant,29.64814684594335,-82.34850626600253
Newins-Ziegler Sink,29.64522001575829,-82.34663219541625
Bus Shelter McCarty Drive North,29.645294628567342,-82.34699662750594
Bus Shelter McCarty Drive South,29.64539788361958,-82.34696026419103
Frazier-Rogers Parking,29.6443327152888,-82.3460905517053
Live Oak Park,29.642175490349196,-82.34402059240838
Harrell Medical Education Building,29.64200274623256,-82.34447204112584
Shands Facilities Administration,29.641311531775017,-82.34128789049643
Shands Facilities Administration,29.641474111066028,-82.34083832375389
Sun Shelter,29.640891249999996,-82.34321039999999
University of Florida Cogeneration Plant,29.640469567696076,-82.3485845229608
Lacy Rabon Chilled Water Plant,29.640301914006873,-82.34760153581098
Sanitary Lift Station L1,29.64098398105637,-82.34701897502747
SE Chilled Water Plant,29.640883407680555,-82.34663767593828
Shands Linen Utility,29.639372776587223,-82.34575635441172
Shands Biohazard Waste Storage,29.63932646867721,-82.34584825387523
Chemical Engineering Digester,29.64246345557806,-82.34856870995777
Chemical Engineering Solvent Storage,29.642628137585625,-82.34856553935475
Fiber Hut Aero,29.64295245,-82.34864085
Astronomy Teaching Observatory,29.643003963459872,-82.34904731543881
ROTC Rifle Range,29.643886599999995,-82.34893184999999
West O'Connell Center Parking Lot,29.649271003598624,-82.35208608336373
UF Substation #12,29.645924884278063,-82.34531351559227
Vending Machines Shelter,29.646269031978598,-82.34493024564188
Teaching Support,29.64628812504789,-82.3456589445221
"Field Lab Forestry",29.64595742243387,-82.3460579994943
West Law Circle Parking,29.648925949270915,-82.35985012622923
Law School Green Parking,29.648442128282696,-82.35878221723578
ΠΒΦ,29.64730516888287,-82.35950883898792
Fifield Hall Parking,29.638557778662545,-82.36197290323331
Fifield Hall Parking,29.638652406916176,-82.36024081489346
Archer Field Parking,29.636453132145643,-82.35382364876347
Oxford Manor Apartments,29.627619052079883,-82.36366328560139
Select Specialty Hospital- Gainesville,29.632406815086398,-82.36399743562333
University of Florida Health Shands Hospital,29.64062074153181,-82.343764610342
Malcom Randall Veterans Administration Medical Center,29.63650527332085,-82.34624696411211
Brain Institute Bridge,29.641451638904506,-82.34340820038804
Towne Parc Apartments,29.624725601897143,-82.35979911845449
University Club Apartments,29.625669273179646,-82.35761888778971
Hidden Village Apartments,29.625186426890217,-82.36338826690006
University Commons,29.629895370636895,-82.36263151278246
Bob Brockman Gateway,29.651804096148236,-82.33960272190184
Law School Park,29.64990349658369,-82.36008548687897
Marston Courtyard,29.647862176273186,-82.34445204240016
Todd C. Prosser Memorial Garden,29.65089622504518,-82.34210954276563
Todd C. Prosser Memorial Garden,29.650707459353296,-82.34211087486571
Cathy Groh Donnellan Memorial,29.649981801997523,-82.3431745591898
Stadium Road,29.64858850053379,-82.34141804692348
Mirabella Apartments,29.645634096037888,-82.3735380661655
Facilities Services Motor Pool,29.642830287307998,-82.36785227646811
Surplus/Facilities Annex,29.643326741347558,-82.36715292541331
University of Florida Counseling & Wellness Center,29.642478686584663,-82.36931652487448
University of Florida Facilities Services Central Stores,29.64295840445628,-82.36925170611326
Service Vehicle Parking,29.64275011341292,-82.34314615010166
Long Leaf Road,29.631310920447294,-82.36747122733718
Wallace Building,29.638438924965822,-82.35909013383214
Elmore Hall,29.64346685565152,-82.36614932970585
Mehrhof Hall Parking,29.633786875512968,-82.36104172518225
Mehrhof Hall Parking,29.634013613683564,-82.36110056002379
Entomology & Nematology Parking,29.633986133028,-82.36660668668969
Food & Environmental Toxicology Lab,29.637149727382873,-82.35937148378189
University of Florida Bookstore Warehouse,29.643432851867946,-82.36804295128637
Facilities Services Grounds,29.64342954318203,-82.36882284747843
Facilities Services Grounds Administration,29.64350448984765,-82.36922279913291
University of Florida  Facilities Services Maintenance,29.644030307747787,-82.36923237198252
Grounds Storage Building,29.644159374930098,-82.36787343593552
Surplus Property Warehouse,29.643908492046382,-82.36808709643253
Facilities Services Garage North,29.644090663616705,-82.36832476680331
Facilities Services Garage South,29.643854250000004,-82.36832414999999
Microcell Parking,29.64025272494369,-82.36374085348955
Hogtown Prairie,29.644295936395178,-82.38886482489985
Museum Road,29.64483376447127,-82.34459954942385
O'Connell Center Pool Plant,29.648703703122713,-82.35078440593996
Country Village Apartments,29.632699882280924,-82.3627745870346
Southwest 16th Court,29.63342044991604,-82.34344549902686
Fletcher Drive,29.651939100008388,-82.3462903004535
UF Organic Garden Co-op,29.62883389178976,-82.35840989460529
Solar Engineering Lab,29.627085030426226,-82.36067043891177
Fuel Cell Garage,29.627444166127002,-82.36051466713263
Mechanical & Aerospace Student Design Center,29.62809546227444,-82.36147667662884
Solar Energy Test House,29.62897580575039,-82.3613247986982
Parking Garage 14,29.642334523967204,-82.35135116224536
Gator Walk,29.6517233,-82.3486177
Courtyard of Champions,29.6513300695748,-82.34862215863495
Gary Condron Field,29.65058122298796,-82.35261338672457
Sanders Football Practice Fields,29.650577783414324,-82.35311215687484
Stadium Lawn,29.651614527003176,-82.34834665855874
Heritage Hall,29.651102069804427,-82.34862035922191
East-West Road,29.65061937021301,-82.34697960170779
West Skybox Tower,29.649946303640114,-82.34964928199526
Lee Chira Family Heisman Plaza,29.650106065661255,-82.34999399742748
Heavener Football Complex,29.649030611313048,-82.34940938822824
Sunshine Seats,29.650760183108783,-82.34862269213104
Engineering Plaza,29.648163990807944,-82.3494077875691
Todd Prosser-Sandy Burnett Family Berm,29.636203548729192,-82.3629722564563
Ballpark Parking,29.63662786124071,-82.3647920837997
Citrus Road,29.635862183395965,-82.36615273847579
Natural Area Drive,29.63395276242067,-82.36717962079233
Dasburg House,29.648169443025036,-82.36085389281523
Billy Donovan Court,29.6494315,-82.35113165
Yardley Courtyard,29.650669367514727,-82.34570434860093
Bull Gator Deck,29.649907364603063,-82.34948211943808
Touchdown Terrace,29.650669507959496,-82.34863334830544
Gator Sportshop (North End Zone),29.65090221534259,-82.34791488915582
University Athletic Association,29.650919964751626,-82.34931752975707
South Ramp,29.64882177959252,-82.34863171940707
West Fraternity Drive Parking,29.6475389,-82.35987539999999
Marcia Whitney Schott Courtyard,29.649488447910016,-82.35928400345794
Racquet Club Dining Center,29.650125342184225,-82.34634810405282
Florida Pool Office/Lockers,29.65047062967884,-82.34740610243733
Florida Pool Compressor Building,29.65047404850676,-82.34714212071698
North End Zone Cooling Tower,29.650696419920074,-82.34764111143743
UF Information,29.64906674214216,-82.34556464847701
Computer Power Supply,29.649210541506307,-82.34553658578055
Enterprise Infrastructure & Operations Generator,29.649300002356032,-82.3455245249428
Wertheim Laboratory for Engineering Excellence,29.647118702862475,-82.34798039080607
Ballpark Way,29.636731571411417,-82.36205882949386
Donald R. Dizney Stadium,29.63665944286421,-82.36606980756517
Left Field Berm,29.637098336955116,-82.36394790713372
Ring of Honor,29.65087006701847,-82.34862346581801
James G. Pressly Stadium,29.649297528763494,-82.35463518981005
UAA Storage Building,29.650239010224233,-82.35522906731951
Gale Lemerand Drive,29.65148234143616,-82.34969541715873
Weimer Courtyard,29.64772384418924,-82.34708521380901
Smathers Walkway,29.6510213,-82.3420189
Smathers Walkway,29.65102253938711,-82.34257645001834
Smathers Walkway,29.6513447,-82.34248735
Information Booth,29.65007270000001,-82.34021225000002
Warrington College of Business,29.651133481465628,-82.34044255786326
Emerson Courtyard,29.651273818228745,-82.34092676144265
Heavener Hall Courtyard,29.65148800967811,-82.34000287606759
Warrington Courtyard,29.651052810379745,-82.34014253511788
Tigert Park,29.648866313889346,-82.33981127024285
Flavet Field Parking Lot,29.645812584903716,-82.35276028540189
Graham Hall Parking,29.645467965807384,-82.35362219564401
Flavet Field Parking,29.646866778338083,-82.355311499037
Woodlawn South Parking,29.64658362881518,-82.35556266028006
Woodlawn North Parking,29.647688086084344,-82.35531837306635
Bruton-Geer Hall,29.64923227307792,-82.35904227177546
East Law Parking,29.648915674609164,-82.35832351191094
Linder Stadium,29.64979938726512,-82.35707999637593
West Fraternity Drive Parking,29.64767266519402,-82.35893996276279
Rhines Hall Parking,29.647170920251448,-82.3492360248543
Mudfest Pit,29.647154148163917,-82.35102285551346
Center for Outdoor Recreation & Education (CORE),29.63916120323633,-82.36899867281967
Softball Complex Parking,29.64037766229225,-82.36898472763389
Southwest Recreation Center Softball Complex,29.639970323957254,-82.36763820174218
Rec Facilities Score Keeper,29.639971375713564,-82.36764283958584
Recreation Sports Maintenance,29.6408706935071,-82.36875110178673
J. Wayne Reitz Union,29.64633274215472,-82.34782719368339
Bookstore & Welcome Center Parking Garage,29.64539048119577,-82.34825262581829
Reitz Union Amphitheater,29.646081258041956,-82.3472797751504
Lacrosse Ticket Booth,29.637307000000003,-82.3668553
Administration/Maintenance Building,29.639974325148795,-82.36617505421064
FMNH Behavior Lab Annex,29.641976124859163,-82.36791051777509
FMNH Special Projects Lab,29.641853350243053,-82.3679461316409
FMNH Greenhouse,29.64177765,-82.36749870000001
FMNH Pole Barn,29.64179345,-82.3677423
Lab of Southeastern Archeology,29.64145872478222,-82.36776338366562
Lake Alice Field,29.644215217282586,-82.35628378487446
IFAS Greenhouse,29.635432325201272,-82.36402940489154
IFAS Fruit Crops Greenhouse,29.635426299424793,-82.3638985503067
Center for the Study of Emotion & Attention,29.63064255,-82.36774095000001
Sustainable Materials Management Research Lab East,29.630767892938703,-82.36723556115295
FLARE Lab,29.63109845193162,-82.36704752210468
Environmental Health & Safety Program Support Building,29.631104735406623,-82.36749582492553
Sustainable Materials Management Research Lab West,29.630783401164663,-82.3674611617527
UF Fear & Anxiety Disorders Clinic,29.63111263570261,-82.36733072484145
UF Waste Management Facility,29.631724755739175,-82.36814037174317
Nuclear Field Building,29.63184587235905,-82.36718558089039
environmental Health & Safety Storage,29.63172440622979,-82.36749033694221
Nuclear Waste Storage,29.631959936077504,-82.36752252524076
Radiation Control Storage,29.63177392891988,-82.36757328319861
UF Facilities Services Storage #1,29.632904545832247,-82.36741933046481
UF Facilities Services Storage #2,29.633011545832254,-82.3674229304648
Old Field,29.633893749307305,-82.36864087979744
Central Marsh,29.632201471077366,-82.36527944766583
Sinkhole Pond,29.63054788879725,-82.36654633697142
IFAS Crops & Soils Field Lab,29.633658974996056,-82.36171121893042
IFAS Research Laboratory #1,29.6331646163693,-82.36115096711578
IFAS Research Laboratory #2,29.633156704079703,-82.36091536137523
IFAS Field Support,29.63349255000492,-82.36101854927048
SW Chilled Water Plant,29.635593903455746,-82.36837840910748
UF Substation #10,29.63562532239995,-82.36811802286054
GE22,29.63366058480521,-82.36676417546508
GE11,29.633853869624975,-82.36675326146033
GE19,29.63386189123675,-82.367066628863
GE18,29.633861634293247,-82.36701337555071
GE16,29.633858965706757,-82.3669075244493
GE17,29.633859159849695,-82.36696077994945
GE12,29.63374498429104,-82.36691287553556
GE13,29.63374521570896,-82.36696612446443
GE14,29.633747715708964,-82.36701872446443
GE15,29.633747884291033,-82.36707197553557
GH3,29.633649540129607,-82.3669641251116
GH4,29.633648049999994,-82.36690515
GH2,29.63364995,-82.36702355
GH5,29.633584340129605,-82.36696672511157
GH7,29.633516459870396,-82.36691057488844
GH6,29.633581840129608,-82.36690712511158
Entomology Shop,29.633467800000002,-82.36673905
Urban Entomology Lab,29.63378412947084,-82.36622543983229
Entomology South Shadehouse,29.63363151125831,-82.36646366754732
Entomology North Shadehouse,29.633796587588044,-82.3664835427269
GE1,29.633745579127417,-82.36660819284083
GE2,29.633699420872585,-82.36660930715917
GE21,29.633632471483967,-82.3666113434522
GE20,29.63358022087258,-82.36661330715916
GE8,29.633874825175745,-82.36661116480535
GE9,29.6338269,-82.36661215000002
Honey Bee Lab,29.634598631809396,-82.3656669584005
Entomology & Nematology Parking,29.635306542174536,-82.36651926415081
McCarty Drive Parking,29.64632527733905,-82.34424036714422
Field & Fork Pantry,29.647082112658175,-82.34475214079292
Fiber Hut CSE,29.646999349999994,-82.34469804999999
Museum Road,29.644847332487387,-82.34752368699142
Rinker Plaza,29.64733492023472,-82.34308770601359
Charles R. Perry Construction Yard,29.647080084820843,-82.34295745872431
Norman Tunnel,29.646754249974997,-82.33929032439752
Norman Gym,29.646232249999997,-82.33799160000001
Norman Park,29.64667003665974,-82.33871799288526
Norman Field Lot Parking,29.645493078331267,-82.33808871329836
Hume West Parking,29.644290117526605,-82.35474357117815
Hume Support Building,29.644182199999996,-82.3533734
UF Substation #5,29.6446609,-82.355603
Beaty Tower B,29.644203881249922,-82.34024514784684
UF Substation #4,29.643684159575663,-82.34316173208008
Jennings Hall C,29.64374667109594,-82.34249578674955
Jennings Hall B,29.644021974490506,-82.34199323166838
Maguire Village Volleyball Court,29.6402876793716,-82.37124934100517
Golf Club Workshop,29.649957524704636,-82.37172582477682
Corry Village Parking,29.64633080962473,-82.36175456507918
Corry Village Basketball Court,29.645352288415868,-82.36154022005431
Corry Village Volleball Court,29.645362100000003,-82.36134905
Golfview,29.648017297380573,-82.36300081119843
Field & Fork Storage,29.644537424594617,-82.36275305469155
Bat House,29.644306349999997,-82.36304305
Fifield Field Parking Lot,29.639970235294694,-82.36142634002826
Turfgrass Envirotron,29.63963150090163,-82.36045116822106
IFAS Mechanical Equipment Building,29.638453900000002,-82.36027565
GHT1,29.63937352500403,-82.36033898164973
GHT3,29.6394082,-82.3605991
GHT2,29.6394085,-82.36053419999999
GHT4,29.639333999999998,-82.3605341
GHT5,29.639333699999998,-82.360599
Plant Pathology Diagnostics Lab,29.63907055,-82.36074414999999
Plant Science Facility,29.63947740690501,-82.35960193993064
Pathology Greenhouse,29.639132331793437,-82.3594725750449
Bio-Containment Facility,29.639501338592627,-82.35996006049727
Polyhouse 5,29.64060202136983,-82.3586239738945
Shadehouse,29.640605196665224,-82.35845042412299
Shadehouse,29.64060599697101,-82.35827957412376
Polyhouse 10,29.640380271404336,-82.35862127479851
Polyhouse 9,29.640380196665227,-82.358449524123
Shadehouse,29.640380196971005,-82.35827687412375
Shadehouse,29.64037939697101,-82.35810247412377
AT&T Fiber Hut,29.640361624989865,-82.3579285937755
GH13,29.640429000000005,-82.35995030000001
UF Transportation & Parking Services (TAPS),29.640387274358687,-82.35020587105494
Pesticide Information Office,29.63866978996046,-82.35606379627463
IFAS Administrative Services,29.63878254268902,-82.35668727830782
IFAS Office/Lab,29.638505583165973,-82.35693218719588
Wildlife Molecular Ecology Office,29.638375363761238,-82.35660229900415
IFAS Parking,29.63853496231028,-82.35644773052034
IFAS Parking,29.63862944654219,-82.35710275777733
Forestry Resource & Conservation Office,29.63845255369782,-82.35733607746036
IFAS Communication Services,29.63876056054801,-82.35732899970522
IFAS Parking,29.639631809849952,-82.35650960686083
IFAS Headhouse,29.639103734592503,-82.35581602376459
Facilities Services Parking Lot,29.643950535449857,-82.37075189044445
University of Florida Facilities Services Administration Office,29.644309000404174,-82.3705265731522
Surplus Warehouse,29.643488291867786,-82.36764327921757
Facilities Services Building Services,29.64340467263187,-82.36991012924274
Reitz Union Drive,29.64563771690443,-82.34859256044523
Black Hall Parking,29.641750553960904,-82.34711515501458
Water Reclamation Power Generator,29.641882050000003,-82.3497578
Water Reclamation Electrical,29.64253638110888,-82.34994327530212
Chemical Engineering Student Center,29.64241784475469,-82.34784960998911
Fiber Hut Elmore,29.642679374973525,-82.36653480499386
Surplus Parking,29.643749195151337,-82.36776395746128
Facilities Services Masonry Shop,29.64440195515559,-82.36815378034424
Facilities Services Storage #2,29.644680975045013,-82.36928752852486
Grounds Storage Building,29.6446613786523,-82.3687441441183
Facilities Services Storage #3,29.644476875175226,-82.3686745974379
Facilities Services Training,29.64444149156278,-82.37000812817168
Cancer Genetics Parking,29.63685644476981,-82.3537774514428
Cancer Genetics Parking,29.637021491144047,-82.35323173183266
HOP Modular Building,29.637150711962388,-82.35419722422394
Cancer Genetics Parking,29.6375689697085,-82.35299763065487
Mowry Chilled Water Plant,29.63807613778458,-82.35311218895826
CEHT Annex Building,29.63659497871163,-82.35365824290345
UF Vet Science Surgery,29.637059491720336,-82.35372977613667
UF Toxicology Research Facility,29.637224848027753,-82.35366066450044
Archer Field,29.637216989028996,-82.35325189734327
Veterans Administration Medical Center Heliport,29.635424106891605,-82.35092927265059
Starbucks,29.651186745501153,-82.34279589864886
Kermit Sigmon Trail,29.637328618389787,-82.34801544807247
Beaty Towers,29.644956947579114,-82.34019312453209
"FLBLL - Gainesville 6"" Loop",29.638356426538067,-82.35082224038443
"FLBLK - Gainesville 4"" Lateral",29.636567135373344,-82.35963451446165
Shands Cogen Plant Pipeline,29.638795224792283,-82.34811170661449
DIamond Village Playground,29.642666495290776,-82.34202637793186
Lake Alice Creek,29.641660230224662,-82.34220922724697
Newell Drive,29.645170450242887,-82.34351346962677
Union Road,29.649752991505345,-82.34064174951088
Communicore Building,29.640855591820674,-82.34492760898783
Gale Lemerand Drive,29.63657414993219,-82.35017140058373
Museum Road,29.64225483293658,-82.36411831275461
Museum Road,29.642577121764706,-82.36408485341155
Radio Road,29.642255961580908,-82.36453076093592
Museum Road,29.642537735996115,-82.3640298311559
Museum Drive,29.641943079372005,-82.3641750136522
Museum Drive,29.641947461611274,-82.36424115007456
Radio Road,29.64232575215732,-82.36450794238964
Museum Road,29.64230893346115,-82.36435462196364
Museum Road,29.642206,-82.36433554999999
Museum Road,29.642176039762877,-82.36424063820995
Museum Road,29.642375172483877,-82.36416045629022
Museum Road,29.6423977873007,-82.36426416938565
Museum Road,29.644867772171335,-82.34835762484666
Gale Lemerand Drive,29.645593219628477,-82.35035925680245
Ballpark Way,29.63439313862164,-82.36199862287985
Ballpark Way,29.632697575837103,-82.3617912218229
"James W. ""Bill"" Heavener Football Training Center",29.649618423332168,-82.35299564017845
Student Health Care Center,29.64870244580801,-82.35266404001185
Sweetwater Drive,29.64328144085372,-82.34880566659525
Malachowsky Hall,29.644047829946558,-82.34777925662289
Sledd Arch,29.65083085,-82.34585444999999
Murphree Commons Courtyard,29.651134575017934,-82.34570925513594
Buckman Courtyard,29.650871645144612,-82.3452294230772
Thomas Green,29.65129241055956,-82.34614971583791
Hull Road,29.637624584671933,-82.36523849780062
Hull Road,29.637632997714004,-82.36666920029518
Hull Road,29.63769172857731,-82.36343868679059
Stadium Road,29.64863458336252,-82.34712809814026
Gale Lemerand Drive,29.63879554124171,-82.35048109179152
McCarty Drive,29.64509363901831,-82.34692484914108
Hull Road,29.637644873609815,-82.359509949823
Museum Drive,29.63765875,-82.3641796
Building #2,29.645801916221178,-82.34191108425911
Building #1,29.645329471538826,-82.3423817149667
Building #3,29.645047720038818,-82.341758862004
Museum Drive,29.63808394367599,-82.36418261545428
Stadium Road,29.648600688352065,-82.35008147939976
Stadium Road,29.64864817854222,-82.34938875013819
Newell Drive,29.644268185184316,-82.34351058487096
Newell Drive,29.644762641732882,-82.34351296265282
Hull Road,29.63762842271086,-82.3634406523925
Memorial Road,29.640624766553383,-82.362780874152
Museum Drive,29.63953920080281,-82.36418227663663
Orange Drive,29.64169490581644,-82.36982509114294
Orange Drive,29.63854754518265,-82.3705942957332
Reitz Union Drive,29.645213206458934,-82.34859858161731
Fletcher Drive,29.648783949148946,-82.34602537326501
Center Drive,29.64087815,-82.3461608
Center Drive,29.641486969558805,-82.34624448404674
Stadium Road,29.648621326497963,-82.34635108371877
Reitz Union North Lawn Closure,29.647770219351496,-82.34563039962187
Reitz Union North Lawn Closure,29.64765613206924,-82.34466746507903
Center Drive,29.641056,-82.3461874
Center Drive,29.640703024342773,-82.3461344659383
Center Drive,29.64118365,-82.34620445
Mowry Road,29.63938177464441,-82.34986610300423
Architecture Building Expansion,29.648299852008822,-82.34193996748617
Engineering Building Renovation,29.642520302802744,-82.34701674541726
Center Drive,29.641760849999997,-82.3463024
Yulee Pit,29.645276035519906,-82.34035680500268
Building #5,29.645445266094402,-82.34157668501867
Health Science Lawn,29.641390921735134,-82.3448718025249
Gatorwell Health Promotion Services,29.646572913427168,-82.34794568718372
Blue Elevator,29.64640141844909,-82.34795529688289
Blue Elevator,29.64640083571755,-82.3478846198126
Orange Elevator,29.646403217889205,-82.34762613455963
Food Court,29.646086153598354,-82.34781516604194
Information Desk,29.646518434277166,-82.34741082463243
Reitz Union Administration,29.64657627207448,-82.34768373862016
Catering,29.646548963578596,-82.34756515315875
Event Services,29.646547510477706,-82.34746425018311
University of Florida Bookstore,29.645740745757397,-82.34782305521817
Career Connections Center,29.646472317999976,-82.34839841815432
Grand Ballroom,29.64648631785956,-82.34837274904771
Auditorium,29.64658136884837,-82.34792427056814
2330,29.646178316916153,-82.34799316641386
2325,29.646178491791225,-82.34791065809628
2320,29.64617791024291,-82.34782970711542
2315,29.646178292722347,-82.347749557519
2360,29.64595862686685,-82.34787534442222
2365,29.645971449974162,-82.34797896995705
2365,29.645969462879254,-82.34777314680063
2335,29.6460733370336,-82.34795385830111
2340,29.64607214208288,-82.3477924754654
2345,29.646101275523705,-82.34762330197847
2350,29.646058598216747,-82.34762413055387
David and Wanda Brown Center for Leadership and Service,29.646241700752267,-82.34753193056231
Student Activities and Involvement Information Desk,29.646404043837542,-82.34726495608602
2101,29.64628642832483,-82.34732783252821
2102,29.646291385933267,-82.34725228014032
2103,29.646282444143374,-82.34715413562178
2104,29.646326947243992,-82.34715521730108
2106,29.64640949373098,-82.34707266060192
2108,29.64649290581083,-82.34715393855194
Student Government Graphics and Copy Center,29.646409958919104,-82.34714307897337
The Gallery,29.64656725473493,-82.34773457725393
Center for Inclusion & Multicultural Engagement,29.646581640681863,-82.3473835848045
Soccer Practice Field,29.63967705963953,-82.3651890248267
Maguire Village,29.640841211637987,-82.370876502815
University Village South,29.638744699345565,-82.37137881347194
Diamond Village,29.642693416305388,-82.34099875640713
Diamond Road,29.641734200000002,-82.3426586
Surge Area Drive,29.631874100665023,-82.36687308213989
Levin College of Law,29.649075022946707,-82.35910278915881
Herbert Wertheim College of Engineering,29.64742043322978,-82.34883833392291
Corry Village,29.64626913823285,-82.3614124195393
Springs Residential Complex,29.648883221742366,-82.35704442032934
IFAS Research Drive,29.633987112676778,-82.36173240004253
Lakeside Residential Complex,29.641560896991646,-82.3658663331899
